<?xml version="1.0" encoding="UTF-8"?>
<root>
  <item name="org.fs.xml.internal.BooleanStyle">
    <annotation name="android.support.annotation.IntDef">
      <val name="value" val="{org.fs.xml.util.C.BOOLEAN_BINARY_STYLE, org.fs.xml.util.C.BOOLEAN_STRING_STYLE}" />
    </annotation>
  </item>
  <item name="org.fs.xml.internal.BooleanTypeParser BooleanTypeParser(int) 0">
    <annotation name="android.support.annotation.IntDef">
      <val name="value" val="{org.fs.xml.util.C.BOOLEAN_BINARY_STYLE, org.fs.xml.util.C.BOOLEAN_STRING_STYLE}" />
    </annotation>
  </item>
  <item name="org.fs.xml.internal.BooleanTypeParser org.fs.xml.internal.BooleanTypeParser getInstance(int) 0">
    <annotation name="android.support.annotation.IntDef">
      <val name="value" val="{org.fs.xml.util.C.BOOLEAN_BINARY_STYLE, org.fs.xml.util.C.BOOLEAN_STRING_STYLE}" />
    </annotation>
  </item>
  <item name="org.fs.xml.internal.BooleanTypeParser style">
    <annotation name="android.support.annotation.IntDef">
      <val name="value" val="{org.fs.xml.util.C.BOOLEAN_BINARY_STYLE, org.fs.xml.util.C.BOOLEAN_STRING_STYLE}" />
    </annotation>
  </item>
  <item name="org.fs.xml.internal.BooleanTypeParser void setStyle(int) 0">
    <annotation name="android.support.annotation.IntDef">
      <val name="value" val="{org.fs.xml.util.C.BOOLEAN_BINARY_STYLE, org.fs.xml.util.C.BOOLEAN_STRING_STYLE}" />
    </annotation>
  </item>
  <item name="org.fs.xml.internal.StringStyle">
    <annotation name="android.support.annotation.IntDef">
      <val name="value" val="{org.fs.xml.util.C.STRING_NO_WRAP_STYLE, org.fs.xml.util.C.STRING_WRAP_STYLE}" />
    </annotation>
  </item>
  <item name="org.fs.xml.internal.StringTypeParser StringTypeParser(int) 0">
    <annotation name="android.support.annotation.IntDef">
      <val name="value" val="{org.fs.xml.util.C.STRING_NO_WRAP_STYLE, org.fs.xml.util.C.STRING_WRAP_STYLE}" />
    </annotation>
  </item>
  <item name="org.fs.xml.internal.StringTypeParser org.fs.xml.internal.StringTypeParser getInstance(int) 0">
    <annotation name="android.support.annotation.IntDef">
      <val name="value" val="{org.fs.xml.util.C.STRING_NO_WRAP_STYLE, org.fs.xml.util.C.STRING_WRAP_STYLE}" />
    </annotation>
  </item>
  <item name="org.fs.xml.internal.StringTypeParser style">
    <annotation name="android.support.annotation.IntDef">
      <val name="value" val="{org.fs.xml.util.C.STRING_NO_WRAP_STYLE, org.fs.xml.util.C.STRING_WRAP_STYLE}" />
    </annotation>
  </item>
  <item name="org.fs.xml.internal.StringTypeParser void setStyle(int) 0">
    <annotation name="android.support.annotation.IntDef">
      <val name="value" val="{org.fs.xml.util.C.STRING_NO_WRAP_STYLE, org.fs.xml.util.C.STRING_WRAP_STYLE}" />
    </annotation>
  </item>
</root>

